<?xml version="1.0" encoding="UTF-8"?>
<!-- Copyright 2020 Anvar Kildebekov <https://it-projects.info/team/fedoranvar>
    License LGPL-3.0 or later (http://www.gnu.org/licenses/lgpl.html). -->
    <odoo>
        <record model='ir.cron' id='schedule_stock_balance'>
            <field name='name'>balance stock v2</field>
            <field name='model_id' ref='stock.model_stock_quant'></field>
            <field name="user_id" ref="base.user_admin" />
            <field name="nextcall" eval="(DateTime.now() + timedelta(days=0)).strftime('%Y-%m-%d 23:59:59')"/>
            <field name="interval_number">1</field>
            <field name="interval_type">weeks</field>
            <field name='state'>code</field>
            <field name='code'>
env['stock.quant'].action_balance_qty()
            </field>
        </record>
                
</odoo>
